pages_visited,time_on_site,email_opens,interaction_score,profile_complete,previous_purchases,converted,lead_source_Facebook,lead_source_Google Ads,lead_source_Instagram,lead_source_LinkedIn,lead_source_Referral,country_Canada,country_Germany,country_India,country_UK,country_USA
13,10.09,6,90,52,1,1,False,False,True,False,False,False,False,False,True,False
2,18.55,9,17,77,1,1,False,False,False,False,True,False,False,False,True,False
15,29.43,6,84,56,0,1,False,False,False,False,False,False,False,True,False,False
13,19.82,9,96,93,1,1,False,False,False,False,True,True,False,False,False,False
14,1.84,7,59,82,1,1,True,False,False,False,False,False,False,False,True,False
7,22.41,9,72,52,0,1,False,True,False,False,False,False,True,False,False,False
2,21.98,5,81,61,1,1,False,False,False,True,False,False,True,False,False,False
18,24.91,5,32,44,0,0,False,False,False,False,True,False,False,False,False,True
1,11.72,4,39,65,0,0,False,False,True,False,False,False,False,True,False,False
3,10.71,5,98,37,0,0,True,False,False,False,False,False,True,False,False,False
9,2.01,3,78,98,1,1,False,False,False,False,False,False,False,False,False,True
2,16.16,7,15,88,0,1,False,False,True,False,False,False,False,False,False,True
14,5.54,9,36,70,1,1,True,False,False,False,False,False,False,False,False,True
3,10.6,1,60,47,1,1,False,False,False,False,False,False,False,False,False,True
11,21.61,8,76,61,1,1,False,False,False,True,False,False,False,True,False,False
19,21.44,8,26,68,0,1,False,False,False,False,False,False,False,False,False,True
3,3.98,3,85,96,1,1,True,False,False,False,False,True,False,False,False,False
5,8.59,3,33,42,0,0,False,False,True,False,False,True,False,False,False,False
11,5.89,8,32,44,1,1,False,True,False,False,False,True,False,False,False,False
10,6.99,6,88,66,0,0,False,False,False,False,False,False,False,False,True,False
6,26.53,1,74,52,0,0,True,False,False,False,False,False,False,True,False,False
5,22.79,9,86,32,1,1,False,False,False,True,False,False,True,False,False,False
19,18.57,2,79,39,0,0,False,False,True,False,False,False,False,True,False,False
5,26.92,0,63,86,0,1,False,False,True,False,False,True,False,False,False,False
17,15.68,2,94,51,1,1,False,True,False,False,False,False,True,False,False,False
16,9.86,9,18,33,0,0,False,False,False,True,False,False,False,False,False,True
2,6.46,4,46,96,1,1,False,True,False,False,False,False,False,False,False,True
18,23.58,8,45,82,0,1,False,True,False,False,False,False,False,False,False,True
17,5.8,6,15,80,0,0,False,False,False,False,True,False,False,False,True,False
17,5.78,8,63,58,0,0,False,False,False,False,False,False,False,False,False,False
14,6.18,5,56,47,0,0,False,False,False,False,True,False,False,False,False,True
4,20.69,1,63,78,0,1,False,False,False,False,False,True,False,False,False,False
4,29.67,5,25,68,0,0,False,True,False,False,False,False,False,True,False,False
17,11.01,2,54,50,1,1,True,False,False,False,False,False,True,False,False,False
10,28.78,8,53,74,1,1,False,False,False,False,True,False,True,False,False,False
10,0.52,5,99,82,1,1,False,False,False,False,False,False,True,False,False,False
11,28.82,9,70,64,0,1,False,False,False,False,False,True,False,False,False,False
12,27.98,4,48,94,1,1,False,False,False,False,False,False,True,False,False,False
7,3.24,4,86,56,1,1,True,False,False,False,False,False,False,False,False,True
3,7.44,7,80,87,0,1,False,False,False,False,False,False,False,False,False,True
6,11.15,3,52,72,1,1,False,True,False,False,False,False,False,False,True,False
6,8.44,1,54,55,0,0,False,True,False,False,False,False,False,False,True,False
4,2.37,0,58,71,0,0,False,False,True,False,False,False,False,False,False,True
19,21.81,3,80,47,1,1,False,False,False,True,False,False,True,False,False,False
18,27.28,0,61,42,1,1,False,False,False,False,True,False,False,True,False,False
11,14.97,2,47,36,1,1,False,False,False,False,True,False,False,True,False,False
8,11.1,0,35,39,1,1,False,True,False,False,False,False,False,False,False,False
11,11.92,3,46,89,1,1,False,False,False,False,False,True,False,False,False,False
16,17.99,7,51,42,1,1,False,True,False,False,False,False,True,False,False,False
13,1.19,6,57,76,0,0,False,True,False,False,False,False,False,False,False,False
6,13.45,9,95,52,1,1,False,False,False,False,True,True,False,False,False,False
12,12.07,5,56,62,0,0,False,False,False,True,False,False,False,False,True,False
17,25.83,7,55,38,0,1,False,False,True,False,False,False,False,False,False,True
18,5.91,7,76,92,0,1,False,False,False,False,True,False,True,False,False,False
15,20.29,1,62,50,0,0,False,True,False,False,False,False,False,False,True,False
1,10.6,8,65,68,0,1,False,False,True,False,False,False,False,False,False,False
19,9.04,8,91,73,0,1,False,True,False,False,False,False,False,False,False,False
12,18.52,8,15,68,0,1,False,False,False,False,False,False,False,False,False,False
11,1.98,8,65,43,1,1,False,False,False,False,True,False,False,False,False,False
9,17.2,5,77,43,0,0,False,False,True,False,False,False,False,True,False,False
17,24.16,4,15,82,0,0,False,True,False,False,False,False,False,False,False,False
17,2.56,8,44,31,0,0,False,True,False,False,False,False,False,False,False,True
11,4.06,1,92,68,0,0,False,False,False,False,False,False,True,False,False,False
13,15.96,5,62,48,0,0,False,True,False,False,False,False,False,False,False,True
7,27.52,3,39,88,0,0,False,True,False,False,False,False,False,False,True,False
6,21.66,1,20,52,1,1,True,False,False,False,False,False,False,False,True,False
2,18.59,6,59,82,1,1,False,True,False,False,False,False,False,True,False,False
6,20.84,5,70,90,0,1,False,False,False,True,False,False,False,True,False,False
7,15.03,4,74,58,1,1,False,False,False,True,False,False,False,False,True,False
5,11.26,1,70,34,1,1,False,False,False,True,False,False,False,False,False,True
13,23.82,1,15,93,0,0,False,False,False,False,True,False,False,False,False,False
11,7.37,9,30,40,1,1,False,False,False,True,False,True,False,False,False,False
12,26.28,9,39,89,1,1,False,False,False,False,False,False,False,False,False,False
1,25.81,3,69,55,1,1,False,False,True,False,False,False,True,False,False,False
16,25.67,7,13,34,0,1,True,False,False,False,False,True,False,False,False,False
16,27.01,2,46,49,0,0,False,False,True,False,False,False,False,False,False,False
3,15.77,4,41,60,0,0,False,True,False,False,False,False,False,False,False,True
7,15.44,4,74,78,1,1,False,False,False,False,False,False,True,False,False,False
13,29.45,9,11,45,0,1,False,False,False,True,False,False,False,False,True,False
12,26.67,7,40,61,1,1,False,False,False,False,True,False,False,True,False,False
13,3.02,0,68,55,0,0,False,False,False,False,False,True,False,False,False,False
17,22.88,8,72,54,1,1,True,False,False,False,False,False,False,False,False,False
11,12.07,2,45,89,1,1,False,False,False,False,False,True,False,False,False,False
18,7.6,1,27,48,0,0,False,False,False,False,False,True,False,False,False,False
4,8.95,3,84,75,1,1,False,False,False,True,False,False,False,True,False,False
7,13.59,4,93,33,0,0,False,False,True,False,False,False,False,False,True,False
13,9.26,6,69,30,0,0,False,False,False,False,False,False,False,False,False,True
11,26.35,7,35,76,0,1,False,False,True,False,False,False,True,False,False,False
17,3.17,5,50,50,0,0,True,False,False,False,False,False,False,True,False,False
5,5.99,5,53,57,0,0,False,False,False,False,False,False,True,False,False,False
15,25.43,0,10,30,1,1,False,False,False,False,True,False,False,True,False,False
19,5.84,4,53,77,1,1,False,False,False,False,False,False,False,False,False,False
9,12.14,6,30,46,1,1,False,False,False,False,True,True,False,False,False,False
12,19.21,1,31,74,0,0,False,False,False,False,False,False,False,False,True,False
8,20.22,7,30,58,0,1,False,False,True,False,False,False,True,False,False,False
3,13.93,8,85,67,1,1,False,False,False,False,False,False,False,False,False,False
17,13.51,8,69,38,0,1,False,False,True,False,False,False,True,False,False,False
10,29.93,4,86,36,0,0,False,False,False,False,True,False,False,True,False,False
1,9.38,1,84,90,1,1,False,True,False,False,False,False,False,True,False,False
15,21.9,2,38,88,0,0,False,False,False,False,True,True,False,False,False,False
3,21.55,5,75,87,0,1,False,False,True,False,False,False,False,False,False,False
10,19.62,1,35,43,1,1,False,False,True,False,False,False,False,True,False,False
4,27.82,6,29,77,1,1,False,False,False,False,False,True,False,False,False,False
1,15.93,6,49,35,0,1,True,False,False,False,False,False,False,False,True,False
18,12.76,4,79,49,0,0,False,False,False,True,False,False,False,False,False,True
12,18.12,6,44,97,1,1,False,False,True,False,False,False,False,False,False,True
1,1.85,9,14,57,0,0,False,True,False,False,False,False,False,True,False,False
4,11.7,2,20,42,0,0,True,False,False,False,False,False,False,False,False,True
2,23.87,9,14,98,1,1,True,False,False,False,False,True,False,False,False,False
13,28.75,8,78,58,0,1,False,False,False,False,True,True,False,False,False,False
2,9.55,4,63,38,1,1,False,True,False,False,False,True,False,False,False,False
12,15.82,2,60,42,0,0,False,False,True,False,False,False,False,False,True,False
12,0.81,4,66,92,0,1,False,False,True,False,False,False,True,False,False,False
19,7.29,9,45,40,0,0,True,False,False,False,False,False,False,True,False,False
16,25.34,6,86,50,0,1,False,False,False,False,False,False,False,False,False,True
19,7.97,6,63,63,0,0,False,False,True,False,False,False,True,False,False,False
12,5.37,0,45,86,1,1,False,False,True,False,False,False,False,False,False,False
3,5.53,1,25,60,0,0,False,True,False,False,False,False,False,False,True,False
10,27.03,3,42,75,0,0,True,False,False,False,False,False,False,True,False,False
17,3.75,1,30,55,1,1,False,False,True,False,False,False,False,True,False,False
11,22.5,2,85,30,1,1,False,True,False,False,False,False,False,False,True,False
1,22.97,4,28,58,1,1,False,True,False,False,False,False,False,False,True,False
12,7.79,3,54,71,1,1,False,False,False,True,False,False,False,False,True,False
18,11.75,7,61,61,0,1,False,True,False,False,False,False,False,True,False,False
2,25.8,6,62,72,0,1,True,False,False,False,False,False,False,False,False,True
4,9.19,6,13,61,1,1,False,False,False,False,False,True,False,False,False,False
17,9.12,0,28,46,1,1,False,False,False,False,True,False,True,False,False,False
12,4.84,9,97,32,1,1,True,False,False,False,False,False,False,False,True,False
2,11.06,3,81,57,1,1,False,False,False,False,True,False,True,False,False,False
8,29.95,4,70,32,1,1,True,False,False,False,False,True,False,False,False,False
6,22.47,1,22,61,0,0,False,False,False,False,False,False,False,False,False,False
14,11.62,5,20,81,1,1,False,False,False,False,False,False,False,True,False,False
16,29.46,4,37,54,0,0,False,False,True,False,False,False,False,False,False,True
2,22.25,2,49,94,1,1,False,True,False,False,False,False,False,True,False,False
3,15.02,5,98,48,1,1,False,False,False,False,False,False,False,False,False,False
7,21.52,1,91,65,1,1,False,False,False,False,False,True,False,False,False,False
13,11.0,3,93,87,1,1,False,False,True,False,False,False,True,False,False,False
2,16.33,1,55,53,0,0,False,False,False,True,False,False,True,False,False,False
9,26.11,2,30,74,1,1,False,False,True,False,False,False,False,False,True,False
14,18.97,9,91,74,1,1,False,False,False,False,True,True,False,False,False,False
18,14.56,0,75,97,0,1,False,True,False,False,False,False,False,False,False,False
18,17.67,9,49,40,1,1,False,False,False,False,False,True,False,False,False,False
13,25.02,9,76,76,0,1,True,False,False,False,False,False,False,False,True,False
17,16.35,4,39,92,1,1,False,False,False,False,False,False,False,True,False,False
11,26.89,5,85,62,1,1,False,False,False,True,False,False,False,False,True,False
14,28.62,7,37,79,0,1,False,True,False,False,False,True,False,False,False,False
3,6.12,4,60,71,0,0,False,True,False,False,False,False,False,False,False,True
16,14.4,8,19,79,0,1,False,False,True,False,False,False,False,False,False,False
14,12.71,6,70,57,0,1,False,False,True,False,False,False,False,False,True,False
11,15.77,3,98,65,0,0,True,False,False,False,False,False,False,True,False,False
13,4.77,6,27,51,1,1,False,False,False,True,False,False,True,False,False,False
6,24.15,3,84,50,1,1,False,False,True,False,False,False,False,True,False,False
2,3.17,5,77,98,1,1,False,False,False,False,False,False,False,False,False,False
6,23.49,7,38,36,1,1,False,False,False,False,True,True,False,False,False,False
11,9.8,5,99,98,1,1,True,False,False,False,False,False,False,True,False,False
11,20.45,9,26,87,0,1,False,False,False,True,False,False,False,True,False,False
14,20.9,5,10,80,0,0,True,False,False,False,False,True,False,False,False,False
10,24.01,4,24,43,1,1,False,False,True,False,False,False,False,True,False,False
11,15.94,1,81,98,1,1,False,False,False,False,False,True,False,False,False,False
8,22.28,5,61,90,0,1,False,False,False,True,False,False,False,False,False,False
18,29.14,0,64,44,1,1,False,False,False,False,False,False,True,False,False,False
13,27.32,4,97,41,1,1,False,False,False,False,False,True,False,False,False,False
15,7.53,2,93,53,1,1,True,False,False,False,False,True,False,False,False,False
1,20.03,0,22,51,1,1,False,False,False,False,True,False,False,False,False,False
2,22.99,8,34,82,0,1,False,False,True,False,False,False,False,False,False,True
8,22.77,7,84,80,1,1,False,False,False,False,True,False,False,False,True,False
14,9.79,1,94,89,1,1,False,False,False,False,True,False,True,False,False,False
14,20.7,8,24,96,0,1,False,False,False,False,True,False,True,False,False,False
10,9.16,0,43,44,1,1,False,True,False,False,False,False,False,False,True,False
15,17.52,4,62,45,0,0,False,False,True,False,False,False,False,False,True,False
19,16.12,3,16,40,0,0,False,False,True,False,False,False,False,False,False,False
3,1.92,4,58,41,1,1,False,False,False,True,False,False,True,False,False,False
15,14.78,4,37,35,1,1,False,True,False,False,False,False,False,False,True,False
2,9.98,0,81,71,0,1,False,False,True,False,False,False,False,False,False,False
18,20.55,9,23,56,0,1,False,False,False,True,False,True,False,False,False,False
1,11.32,6,50,46,1,1,True,False,False,False,False,False,False,True,False,False
12,17.18,1,33,42,1,1,False,False,False,True,False,False,True,False,False,False
17,1.5,4,49,36,0,0,False,False,True,False,False,True,False,False,False,False
1,14.45,6,92,94,1,1,True,False,False,False,False,False,False,False,True,False
14,7.2,4,78,45,0,0,False,True,False,False,False,False,True,False,False,False
19,4.16,0,83,48,0,0,True,False,False,False,False,True,False,False,False,False
12,11.33,1,30,90,1,1,False,False,False,False,False,False,True,False,False,False
16,9.41,0,41,64,1,1,True,False,False,False,False,False,True,False,False,False
3,27.62,6,66,75,1,1,False,False,False,True,False,True,False,False,False,False
7,21.93,4,40,74,0,0,False,False,False,True,False,True,False,False,False,False
16,23.67,2,72,51,0,0,False,False,False,False,True,False,False,False,True,False
2,27.73,9,16,75,1,1,False,False,False,True,False,False,False,False,False,True
6,28.37,1,32,59,1,1,True,False,False,False,False,True,False,False,False,False
14,3.57,1,71,34,0,0,False,False,False,True,False,False,False,True,False,False
15,23.28,8,31,35,1,1,False,False,False,False,True,False,False,False,False,True
10,16.58,7,32,34,1,1,False,False,False,True,False,True,False,False,False,False
12,9.66,7,11,55,0,0,False,False,True,False,False,False,True,False,False,False
16,25.56,6,64,97,1,1,False,False,False,True,False,False,False,True,False,False
8,1.29,4,91,94,1,1,False,False,False,True,False,False,False,True,False,False
19,21.55,9,89,73,1,1,False,False,False,False,True,False,False,False,False,False
17,0.78,6,21,41,1,1,False,True,False,False,False,False,False,False,False,False
1,21.37,7,23,66,0,1,False,False,True,False,False,False,False,False,False,True
10,25.91,7,53,59,0,1,False,False,False,False,True,False,False,True,False,False
9,1.82,6,39,56,1,1,False,True,False,False,False,False,True,False,False,False
10,20.34,9,59,96,1,1,True,False,False,False,False,False,False,False,True,False
3,5.24,1,50,87,0,0,False,True,False,False,False,False,True,False,False,False
9,22.58,1,91,52,0,0,False,True,False,False,False,False,False,False,True,False
2,5.88,3,59,60,0,0,True,False,False,False,False,False,False,True,False,False
7,8.99,8,98,94,0,1,False,True,False,False,False,False,False,False,True,False
18,9.59,4,48,70,1,1,False,False,False,False,True,True,False,False,False,False
10,8.82,4,22,71,1,1,False,False,True,False,False,True,False,False,False,False
6,6.43,8,18,46,1,1,False,False,True,False,False,False,False,False,False,True
16,7.45,8,74,35,1,1,False,False,True,False,False,False,False,False,True,False
17,3.1,7,13,54,1,1,False,False,False,False,False,False,False,True,False,False
9,7.41,7,31,40,1,1,False,False,True,False,False,False,False,True,False,False
4,26.48,7,70,87,1,1,False,True,False,False,False,False,False,False,False,False
8,11.23,9,99,94,1,1,True,False,False,False,False,False,False,False,True,False
13,25.19,3,52,59,0,0,False,False,False,True,False,False,False,False,False,True
14,0.52,7,53,97,0,0,True,False,False,False,False,True,False,False,False,False
16,8.28,2,70,90,0,1,False,False,False,False,False,False,True,False,False,False
16,26.85,3,31,94,1,1,False,False,True,False,False,False,False,False,True,False
13,29.55,4,21,65,1,1,True,False,False,False,False,False,False,False,False,False
18,4.52,9,22,54,0,0,False,False,True,False,False,True,False,False,False,False
7,1.64,4,28,72,1,1,False,True,False,False,False,True,False,False,False,False
12,13.19,7,37,41,1,1,False,False,True,False,False,False,True,False,False,False
18,16.49,1,16,70,1,1,False,False,False,False,False,True,False,False,False,False
13,11.14,6,31,35,1,1,False,False,False,True,False,False,False,True,False,False
3,24.18,4,38,53,1,1,False,True,False,False,False,False,True,False,False,False
5,29.58,3,96,30,1,1,False,False,True,False,False,True,False,False,False,False
6,15.65,9,75,42,1,1,False,False,True,False,False,False,False,False,True,False
14,11.79,3,34,85,0,0,False,False,True,False,False,False,True,False,False,False
15,26.02,8,86,37,1,1,False,False,False,False,True,True,False,False,False,False
19,13.51,3,86,47,1,1,False,False,False,True,False,False,False,True,False,False
5,21.13,5,30,75,1,1,False,False,False,False,False,False,False,True,False,False
2,10.3,2,45,86,1,1,True,False,False,False,False,False,True,False,False,False
14,26.1,4,74,71,1,1,False,False,False,False,True,False,True,False,False,False
19,5.14,2,66,41,1,1,False,False,False,True,False,False,True,False,False,False
15,6.72,5,34,32,0,0,True,False,False,False,False,False,False,False,True,False
18,15.47,9,86,30,0,1,False,False,True,False,False,False,False,False,False,False
9,4.14,3,43,43,0,0,False,False,False,False,True,False,False,True,False,False
9,13.72,7,27,80,0,1,True,False,False,False,False,False,True,False,False,False
18,0.85,1,55,93,1,1,False,False,False,False,True,False,False,True,False,False
3,23.99,8,56,67,1,1,False,False,True,False,False,True,False,False,False,False
13,28.93,6,49,66,1,1,False,False,False,False,False,True,False,False,False,False
15,24.45,4,65,93,0,1,False,False,False,False,True,True,False,False,False,False
1,14.51,8,84,38,0,1,False,False,False,False,True,False,False,False,True,False
6,28.42,8,16,58,0,1,False,False,False,False,False,False,False,False,True,False
18,7.53,3,94,30,1,1,False,False,False,False,False,False,False,False,True,False
1,14.83,1,34,95,1,1,False,False,False,False,False,False,False,False,False,True
1,17.57,9,65,77,1,1,False,False,False,False,False,False,False,True,False,False
14,1.49,2,60,91,0,0,False,True,False,False,False,False,False,False,True,False
13,11.92,9,60,72,1,1,False,True,False,False,False,False,True,False,False,False
17,21.86,6,54,52,0,1,False,False,True,False,False,False,False,False,False,False
7,14.75,6,10,56,1,1,False,False,True,False,False,False,True,False,False,False
13,19.15,2,20,94,0,0,False,False,False,False,True,False,False,True,False,False
18,25.69,7,77,89,0,1,False,False,True,False,False,False,True,False,False,False
14,18.62,7,55,75,0,1,False,True,False,False,False,False,False,False,False,True
12,6.84,5,49,43,1,1,False,False,False,False,True,True,False,False,False,False
15,6.82,5,35,81,1,1,True,False,False,False,False,False,False,True,False,False
19,19.0,3,65,78,1,1,False,False,False,False,False,False,False,False,True,False
2,27.03,3,52,36,0,0,False,False,True,False,False,False,False,False,True,False
16,1.53,4,46,67,1,1,False,False,True,False,False,False,False,False,True,False
19,9.16,5,86,31,0,0,False,False,False,False,False,False,False,False,False,False
2,21.77,6,10,62,1,1,True,False,False,False,False,False,False,False,False,True
4,10.64,0,70,75,1,1,False,False,False,True,False,False,False,False,True,False
18,14.08,0,69,78,1,1,False,False,False,True,False,False,True,False,False,False
10,18.3,4,19,75,0,0,False,False,True,False,False,False,False,False,True,False
9,14.43,4,91,83,1,1,False,False,False,False,False,False,False,False,True,False
11,7.45,3,57,76,0,0,False,False,False,False,False,False,False,False,False,False
1,28.85,0,72,91,1,1,False,False,True,False,False,True,False,False,False,False
9,29.65,4,89,95,1,1,False,True,False,False,False,False,True,False,False,False
17,3.46,6,71,52,1,1,False,False,False,False,True,True,False,False,False,False
2,2.11,7,18,60,1,1,False,True,False,False,False,True,False,False,False,False
16,4.12,5,44,37,0,0,False,True,False,False,False,False,False,False,False,False
13,21.57,2,39,68,0,0,False,False,True,False,False,False,False,True,False,False
9,19.24,4,98,65,0,0,False,False,False,False,False,False,False,False,True,False
3,24.78,4,58,35,0,0,True,False,False,False,False,False,False,True,False,False
2,15.29,0,56,61,0,0,True,False,False,False,False,False,True,False,False,False
12,16.88,3,97,74,0,1,True,False,False,False,False,False,False,False,False,False
15,9.47,3,21,63,1,1,False,False,False,False,True,False,False,False,True,False
3,23.0,0,70,44,0,0,False,False,True,False,False,False,False,False,False,False
16,24.1,1,84,39,1,1,False,False,False,False,True,False,False,True,False,False
2,25.07,5,58,38,0,0,False,True,False,False,False,False,True,False,False,False
18,18.67,1,87,81,0,1,False,False,False,True,False,False,False,True,False,False
4,6.2,4,59,82,0,0,False,False,False,False,True,True,False,False,False,False
5,6.36,5,59,79,1,1,False,True,False,False,False,False,False,False,True,False
9,3.14,2,41,48,0,0,False,False,False,True,False,False,True,False,False,False
18,20.11,1,78,41,0,0,True,False,False,False,False,False,True,False,False,False
2,11.12,6,38,83,0,1,False,False,False,False,True,False,False,False,True,False
4,29.72,0,17,90,0,0,False,True,False,False,False,True,False,False,False,False
17,21.93,9,95,74,0,1,True,False,False,False,False,True,False,False,False,False
15,26.7,2,29,42,0,0,False,False,False,True,False,False,False,False,False,False
13,16.52,1,19,83,1,1,False,False,True,False,False,False,False,False,False,True
18,5.12,1,81,39,1,1,False,False,True,False,False,True,False,False,False,False
17,7.08,6,79,59,0,0,False,True,False,False,False,True,False,False,False,False
2,28.87,2,21,62,1,1,False,True,False,False,False,False,False,False,False,True
13,20.38,0,73,55,1,1,False,False,True,False,False,False,False,True,False,False
6,1.84,6,93,73,1,1,True,False,False,False,False,False,False,False,False,False
8,27.08,3,87,70,1,1,False,False,False,True,False,False,True,False,False,False
9,10.48,1,35,30,0,0,False,False,False,True,False,False,False,False,False,False
10,18.35,8,57,79,1,1,True,False,False,False,False,False,False,False,False,True
11,0.97,9,20,30,0,0,False,False,False,False,False,False,False,False,False,False
16,8.25,3,38,47,0,0,False,False,False,False,False,False,False,False,True,False
18,7.34,5,60,40,1,1,False,False,False,True,False,True,False,False,False,False
18,29.87,6,47,77,0,1,False,False,True,False,False,False,False,True,False,False
7,17.96,6,71,58,1,1,False,False,True,False,False,False,True,False,False,False
10,15.92,9,34,62,0,1,False,False,False,False,True,True,False,False,False,False
15,22.67,8,98,38,1,1,False,False,False,False,False,False,False,False,False,False
1,14.87,8,25,88,1,1,False,True,False,False,False,False,False,False,False,False
16,16.92,5,16,34,1,1,False,False,True,False,False,False,False,False,True,False
2,1.09,7,48,32,0,0,False,False,False,False,True,True,False,False,False,False
1,23.91,7,33,92,0,1,True,False,False,False,False,False,True,False,False,False
13,23.26,0,46,36,1,1,False,True,False,False,False,False,False,False,False,False
18,12.27,4,68,46,0,0,False,False,True,False,False,False,False,False,False,False
12,12.96,3,70,39,0,0,True,False,False,False,False,False,False,False,False,False
7,27.53,6,50,53,0,1,False,True,False,False,False,False,False,True,False,False
12,25.51,6,39,99,0,1,False,True,False,False,False,False,False,False,False,True
7,1.72,3,95,75,1,1,False,False,True,False,False,True,False,False,False,False
4,22.23,5,58,89,0,0,False,False,True,False,False,True,False,False,False,False
19,25.6,0,44,79,1,1,False,False,False,False,True,False,True,False,False,False
16,1.65,8,76,71,1,1,False,False,True,False,False,False,False,False,False,False
10,16.74,6,70,54,1,1,False,False,False,False,True,False,False,True,False,False
2,6.78,1,50,85,0,0,True,False,False,False,False,False,True,False,False,False
11,0.52,3,65,61,0,0,False,False,True,False,False,False,True,False,False,False
15,11.97,4,12,36,0,0,False,False,False,True,False,False,False,True,False,False
17,18.26,7,29,47,1,1,False,True,False,False,False,False,False,False,True,False
8,22.31,2,84,61,0,0,False,False,False,True,False,False,False,False,True,False
5,1.57,9,40,80,1,1,False,False,False,True,False,False,False,False,False,False
12,27.23,9,28,71,0,1,True,False,False,False,False,False,False,True,False,False
12,6.63,8,74,76,0,1,False,False,False,True,False,False,False,False,False,True
6,15.02,9,84,66,1,1,False,False,True,False,False,True,False,False,False,False
6,6.93,0,15,40,0,0,True,False,False,False,False,False,False,True,False,False
9,0.6,2,49,70,1,1,False,False,True,False,False,False,False,True,False,False
9,6.22,9,30,54,0,0,False,True,False,False,False,False,True,False,False,False
9,2.81,8,75,68,1,1,False,False,False,False,True,False,False,True,False,False
11,14.55,5,15,63,0,0,False,True,False,False,False,False,False,False,False,True
4,15.99,8,64,95,1,1,False,False,False,False,False,False,False,False,False,True
5,11.35,7,83,39,1,1,False,False,True,False,False,False,False,False,False,True
4,23.01,2,42,34,1,1,False,True,False,False,False,False,True,False,False,False
5,26.2,3,36,30,1,1,False,True,False,False,False,False,True,False,False,False
10,11.86,8,58,44,1,1,False,False,False,False,False,False,False,False,False,False
11,28.28,7,95,40,0,1,False,False,False,False,False,False,True,False,False,False
13,4.83,4,41,35,1,1,True,False,False,False,False,False,False,False,False,True
15,27.21,5,47,68,1,1,False,False,True,False,False,False,True,False,False,False
10,20.6,0,22,61,0,0,False,False,False,False,True,False,False,True,False,False
15,12.09,4,95,55,1,1,False,False,True,False,False,False,False,True,False,False
16,21.96,0,61,77,0,1,True,False,False,False,False,False,False,False,True,False
7,26.4,4,14,60,1,1,False,False,False,False,True,True,False,False,False,False
4,18.76,3,90,96,0,1,False,True,False,False,False,False,False,False,False,False
3,19.08,4,88,51,1,1,False,False,False,False,False,False,False,False,False,False
6,27.39,6,55,46,0,1,False,False,True,False,False,False,False,False,True,False
5,1.96,0,28,63,0,0,False,False,False,True,False,False,False,True,False,False
11,7.49,7,28,30,1,1,False,False,True,False,False,False,False,False,False,False
19,8.57,0,64,42,1,1,False,False,False,True,False,False,False,True,False,False
9,25.95,0,20,69,0,0,False,False,False,False,False,False,False,True,False,False
18,29.5,9,21,59,0,1,True,False,False,False,False,False,False,False,False,False
9,13.81,2,91,46,0,0,True,False,False,False,False,True,False,False,False,False
14,11.97,4,74,47,1,1,False,True,False,False,False,False,True,False,False,False
8,16.01,0,84,88,0,1,True,False,False,False,False,False,False,False,False,False
6,18.92,1,31,79,0,0,False,False,False,False,True,False,False,False,False,False
14,1.11,4,15,58,0,0,False,False,True,False,False,False,False,True,False,False
1,12.21,9,76,85,1,1,False,False,False,True,False,False,True,False,False,False
3,8.61,8,81,42,1,1,False,False,False,False,True,False,False,True,False,False
10,2.65,3,39,57,0,0,False,False,False,False,True,False,False,True,False,False
7,24.82,6,68,90,0,1,True,False,False,False,False,True,False,False,False,False
4,9.21,1,34,81,0,0,False,False,False,False,True,False,True,False,False,False
4,24.21,0,72,92,1,1,False,True,False,False,False,True,False,False,False,False
1,26.88,6,19,38,1,1,False,False,True,False,False,False,False,False,False,False
8,21.89,3,82,30,1,1,True,False,False,False,False,False,False,False,False,True
11,20.13,5,45,75,1,1,False,False,True,False,False,False,False,False,True,False
1,14.46,8,35,64,1,1,False,False,False,True,False,False,False,False,True,False
9,19.29,7,82,90,0,1,True,False,False,False,False,False,False,False,True,False
6,20.57,4,13,80,1,1,False,True,False,False,False,True,False,False,False,False
10,3.1,8,33,36,0,0,False,False,False,False,False,False,False,False,True,False
6,20.67,6,40,87,1,1,True,False,False,False,False,False,False,True,False,False
6,21.89,0,38,45,1,1,False,False,False,False,False,False,True,False,False,False
19,15.28,5,33,51,1,1,False,False,True,False,False,False,False,True,False,False
3,13.03,8,46,81,0,1,False,False,False,False,False,False,False,False,True,False
13,16.68,8,50,74,0,1,False,False,False,False,False,False,True,False,False,False
2,18.13,3,68,66,1,1,False,False,True,False,False,False,True,False,False,False
2,20.35,8,49,88,1,1,False,False,True,False,False,False,False,True,False,False
6,23.37,8,86,68,1,1,False,True,False,False,False,False,False,True,False,False
8,28.86,1,49,35,1,1,False,False,False,False,False,False,False,False,True,False
11,17.49,8,77,85,1,1,False,False,False,False,True,False,False,False,False,True
7,27.95,2,80,41,0,0,False,True,False,False,False,False,False,False,False,False
5,9.02,3,10,89,0,0,True,False,False,False,False,False,False,False,False,True
1,2.63,4,13,97,0,0,True,False,False,False,False,True,False,False,False,False
9,7.71,6,65,77,0,1,False,True,False,False,False,False,True,False,False,False
13,4.81,5,23,76,1,1,True,False,False,False,False,False,False,False,False,True
2,7.26,2,64,68,1,1,False,False,True,False,False,True,False,False,False,False
4,19.87,2,71,52,0,0,False,False,False,False,True,True,False,False,False,False
18,24.77,3,60,94,0,0,False,True,False,False,False,False,False,True,False,False
19,27.8,9,85,34,1,1,False,True,False,False,False,False,True,False,False,False
4,7.3,1,73,76,0,1,False,True,False,False,False,False,True,False,False,False
4,21.88,3,24,54,0,0,False,False,False,True,False,False,False,False,False,False
8,29.02,3,75,84,1,1,False,True,False,False,False,False,False,True,False,False
11,4.54,6,72,45,0,0,False,False,True,False,False,False,False,False,True,False
18,18.3,1,79,32,1,1,False,False,True,False,False,False,False,True,False,False
18,14.99,6,83,87,0,1,False,False,False,False,False,False,False,False,True,False
5,13.4,0,14,54,1,1,False,False,False,False,True,True,False,False,False,False
8,10.4,6,72,97,0,1,True,False,False,False,False,False,False,False,False,True
4,23.73,6,51,84,1,1,False,False,False,True,False,False,False,False,True,False
17,19.63,7,31,53,1,1,False,False,False,True,False,False,False,False,True,False
16,21.69,3,75,89,1,1,False,True,False,False,False,False,False,True,False,False
1,17.88,1,61,34,1,1,False,True,False,False,False,False,False,False,False,False
16,5.15,6,60,68,0,0,False,True,False,False,False,False,False,False,False,False
2,10.57,7,27,51,1,1,False,True,False,False,False,False,True,False,False,False
11,19.94,3,63,78,1,1,False,False,False,False,False,False,False,True,False,False
17,15.47,8,44,63,1,1,True,False,False,False,False,False,False,False,False,False
6,23.44,6,81,85,0,1,False,True,False,False,False,False,False,False,False,True
5,15.36,2,72,78,1,1,False,False,False,False,True,False,False,False,False,False
12,16.7,8,54,78,1,1,False,False,False,True,False,False,True,False,False,False
3,24.24,4,98,70,1,1,False,False,False,True,False,False,False,False,False,False
5,9.3,8,21,68,0,0,True,False,False,False,False,False,False,False,False,True
6,18.15,5,24,39,0,0,False,False,True,False,False,False,True,False,False,False
4,27.41,8,39,77,0,1,False,False,False,True,False,True,False,False,False,False
14,25.2,2,39,84,1,1,False,True,False,False,False,False,False,False,False,True
9,14.74,7,78,35,1,1,True,False,False,False,False,True,False,False,False,False
3,29.56,3,64,84,0,1,True,False,False,False,False,False,False,False,False,False
15,26.98,6,83,44,0,1,False,False,False,False,False,True,False,False,False,False
13,15.2,0,35,47,0,0,True,False,False,False,False,False,True,False,False,False
5,4.96,1,86,65,0,0,False,False,True,False,False,False,True,False,False,False
6,13.65,7,12,66,0,1,False,False,False,False,True,False,False,False,False,False
7,15.4,0,91,43,1,1,False,True,False,False,False,False,False,False,True,False
18,10.37,4,94,80,0,1,False,True,False,False,False,False,True,False,False,False
1,29.98,3,86,76,0,1,True,False,False,False,False,False,False,False,False,False
13,23.12,2,43,85,1,1,True,False,False,False,False,False,False,True,False,False
6,4.37,2,95,55,0,0,False,False,False,False,False,False,False,True,False,False
14,17.43,2,93,83,1,1,False,False,True,False,False,True,False,False,False,False
10,25.61,1,56,58,0,0,False,False,False,True,False,False,False,False,True,False
3,11.49,9,95,59,1,1,False,False,False,False,True,False,False,False,False,False
3,29.78,7,19,70,0,1,False,False,False,False,False,False,False,False,False,False
10,17.74,3,13,43,1,1,False,False,False,False,False,False,False,False,False,True
14,28.05,0,40,47,1,1,False,False,False,True,False,True,False,False,False,False
13,10.17,9,54,47,1,1,True,False,False,False,False,False,False,False,True,False
2,1.09,6,57,34,1,1,False,False,True,False,False,False,False,False,True,False
4,27.04,6,85,94,1,1,False,False,True,False,False,True,False,False,False,False
3,8.19,6,39,36,0,0,False,False,True,False,False,False,False,False,False,False
2,23.77,8,10,65,1,1,False,False,False,False,True,False,False,False,True,False
4,26.92,1,44,44,0,0,False,True,False,False,False,False,False,True,False,False
14,16.32,5,74,91,1,1,True,False,False,False,False,False,False,False,False,True
13,25.96,7,79,91,1,1,False,False,False,True,False,False,False,False,True,False
11,22.05,0,72,53,0,0,True,False,False,False,False,False,False,False,False,True
4,28.89,5,29,33,1,1,True,False,False,False,False,False,True,False,False,False
9,9.54,7,77,48,1,1,False,False,True,False,False,False,False,True,False,False
19,22.1,6,38,49,1,1,False,False,False,False,False,False,True,False,False,False
18,23.58,8,83,65,0,1,False,False,False,True,False,False,False,False,True,False
9,25.45,6,16,56,0,1,True,False,False,False,False,False,True,False,False,False
4,7.99,5,11,83,0,0,False,False,False,False,False,False,False,False,True,False
13,6.56,2,27,91,1,1,False,False,False,False,False,False,False,False,False,True
8,1.96,3,54,50,1,1,False,False,True,False,False,False,False,True,False,False
8,19.92,3,46,69,1,1,False,False,True,False,False,False,False,True,False,False
13,4.67,1,67,44,1,1,False,False,True,False,False,True,False,False,False,False
2,6.49,8,69,44,1,1,False,False,False,False,True,False,True,False,False,False
17,7.0,7,73,46,0,0,True,False,False,False,False,False,False,True,False,False
15,20.03,3,64,80,1,1,False,True,False,False,False,False,False,False,True,False
7,19.39,4,41,67,0,0,False,False,True,False,False,True,False,False,False,False
19,25.44,5,75,95,1,1,False,True,False,False,False,True,False,False,False,False
13,28.48,8,80,56,1,1,False,True,False,False,False,False,False,False,True,False
18,22.97,8,21,93,1,1,False,False,False,True,False,False,False,False,False,False
7,14.67,3,96,54,1,1,False,False,False,True,False,False,True,False,False,False
4,8.47,2,89,49,0,0,False,False,False,False,False,False,False,False,False,True
13,17.49,5,66,85,1,1,False,False,True,False,False,False,True,False,False,False
2,29.12,8,20,33,0,1,False,False,False,False,False,False,False,False,False,False
15,8.11,6,28,61,1,1,False,True,False,False,False,False,False,False,False,True
17,3.19,5,37,65,0,0,True,False,False,False,False,False,False,False,True,False
18,24.95,3,49,48,0,0,True,False,False,False,False,True,False,False,False,False
15,24.49,7,12,68,1,1,False,False,False,False,False,True,False,False,False,False
5,26.24,2,82,59,1,1,False,False,False,True,False,False,False,False,True,False
1,3.36,7,57,89,0,0,True,False,False,False,False,False,False,False,True,False
14,27.9,8,16,45,0,1,True,False,False,False,False,False,False,False,False,True
9,26.7,5,73,93,1,1,False,False,True,False,False,False,False,False,False,True
6,17.55,9,26,62,0,1,False,False,False,True,False,False,False,False,True,False
17,12.55,9,54,71,1,1,False,False,False,False,False,False,False,False,False,True
7,10.16,5,80,44,1,1,False,True,False,False,False,False,True,False,False,False
1,28.1,0,17,87,0,0,False,False,True,False,False,True,False,False,False,False
2,20.7,2,43,83,1,1,False,False,False,False,False,False,False,False,True,False
4,15.45,8,93,37,1,1,False,False,False,True,False,False,False,False,False,True
15,18.36,1,82,59,0,0,False,False,True,False,False,False,False,False,True,False
12,6.68,8,94,50,0,0,False,False,True,False,False,False,False,False,False,False
15,29.06,5,95,62,1,1,False,False,False,False,True,False,False,False,True,False
12,17.97,5,22,73,0,0,False,True,False,False,False,False,False,True,False,False
13,14.14,2,68,64,0,0,False,True,False,False,False,True,False,False,False,False
6,27.41,7,67,31,1,1,True,False,False,False,False,False,False,False,False,False
9,19.74,2,21,78,0,0,True,False,False,False,False,False,False,False,False,True
14,2.9,7,63,53,1,1,False,False,False,False,False,False,False,False,True,False
17,19.01,7,93,70,0,1,False,False,False,False,False,False,False,False,False,True
15,27.11,6,87,72,1,1,True,False,False,False,False,False,True,False,False,False
18,1.18,7,92,67,0,0,False,False,False,False,True,False,False,False,False,False
1,15.77,4,75,68,1,1,False,False,False,True,False,False,False,False,True,False
19,6.1,4,31,93,0,0,False,False,False,True,False,False,True,False,False,False
1,8.44,6,27,36,1,1,False,False,False,True,False,False,False,False,False,True
17,4.21,4,49,66,0,0,True,False,False,False,False,False,True,False,False,False
2,24.37,6,84,37,0,1,False,True,False,False,False,True,False,False,False,False
18,9.09,9,39,51,1,1,False,False,False,True,False,False,False,False,True,False
7,12.34,9,31,60,0,1,False,False,False,True,False,False,True,False,False,False
15,4.01,1,26,95,1,1,False,False,False,False,True,False,False,False,False,False
1,11.44,6,37,90,0,1,True,False,False,False,False,False,True,False,False,False
13,13.31,3,24,38,0,0,False,False,True,False,False,False,False,False,False,False
19,26.82,1,13,96,1,1,False,False,False,True,False,False,False,False,True,False
13,13.08,8,61,35,0,1,False,False,False,False,False,True,False,False,False,False
12,29.17,4,36,96,1,1,False,False,True,False,False,False,False,False,False,False
19,19.8,7,78,76,0,1,True,False,False,False,False,False,False,False,False,False
19,3.52,9,90,53,0,0,False,False,False,False,False,False,False,False,True,False
11,7.55,7,58,55,0,0,False,False,False,False,False,False,True,False,False,False
17,4.16,2,51,73,0,0,False,True,False,False,False,False,False,True,False,False
6,18.46,7,34,49,1,1,False,False,False,False,True,False,False,True,False,False
14,24.59,6,63,75,0,1,False,False,False,True,False,False,False,True,False,False
16,18.15,4,86,57,0,0,False,True,False,False,False,False,False,False,False,True
10,6.49,6,95,42,0,0,False,False,False,False,True,False,False,True,False,False
8,22.08,2,67,38,1,1,False,False,False,True,False,True,False,False,False,False
18,20.36,6,48,79,0,1,False,False,False,False,False,False,False,False,False,True
1,10.24,2,43,31,1,1,False,False,False,False,False,False,False,True,False,False
6,20.65,7,23,96,1,1,False,False,False,False,True,False,False,True,False,False
17,17.81,6,97,94,1,1,False,False,False,False,True,False,False,True,False,False
13,29.92,3,55,44,0,0,True,False,False,False,False,False,False,False,False,False
7,15.9,1,39,71,0,0,False,False,False,True,False,True,False,False,False,False
18,18.02,7,99,99,1,1,False,False,False,True,False,False,False,False,False,False
15,23.71,3,60,76,0,0,False,False,False,False,False,False,False,False,False,True
1,27.12,4,24,40,0,0,False,False,False,True,False,True,False,False,False,False
2,10.86,0,10,63,1,1,False,False,False,False,False,False,False,False,False,True
14,25.2,6,31,94,1,1,False,False,False,False,False,False,False,True,False,False
3,7.91,3,98,93,0,1,False,False,False,False,False,False,False,False,True,False
8,11.56,1,52,92,0,0,False,False,True,False,False,True,False,False,False,False
18,15.2,3,30,86,0,0,False,False,False,True,False,False,False,False,False,False
7,9.17,9,12,37,0,0,False,False,False,True,False,False,True,False,False,False
4,20.68,0,68,35,1,1,False,True,False,False,False,False,False,False,False,True
11,4.33,8,26,41,0,0,True,False,False,False,False,False,False,False,True,False
2,5.62,1,68,76,0,1,False,True,False,False,False,False,False,False,False,False
2,22.06,7,27,32,1,1,False,False,True,False,False,False,False,False,False,False
8,9.22,5,18,91,1,1,False,False,False,False,True,True,False,False,False,False
17,27.97,6,75,51,1,1,False,False,False,False,False,False,False,False,True,False
17,4.11,6,74,37,0,0,False,False,True,False,False,False,False,True,False,False
19,13.67,8,79,80,1,1,False,False,False,True,False,False,False,False,False,True
18,27.89,1,37,66,1,1,False,False,False,False,False,False,False,False,False,True
4,23.27,9,94,60,0,1,False,False,True,False,False,True,False,False,False,False
19,2.79,5,41,37,0,0,False,True,False,False,False,False,True,False,False,False
18,27.0,3,12,93,1,1,False,False,False,False,True,False,False,False,False,False
16,13.0,1,99,83,1,1,True,False,False,False,False,False,False,False,True,False
14,12.93,4,81,84,1,1,False,False,False,False,True,False,False,True,False,False
5,22.62,4,24,46,1,1,False,False,False,False,False,False,True,False,False,False
8,8.74,2,69,83,1,1,False,False,False,True,False,False,False,False,False,True
14,1.65,6,61,53,0,0,False,False,False,True,False,True,False,False,False,False
18,9.93,7,59,31,1,1,False,False,False,False,True,False,False,True,False,False
2,16.7,3,93,93,1,1,True,False,False,False,False,True,False,False,False,False
10,2.87,4,30,48,0,0,False,False,False,False,True,False,True,False,False,False
5,18.07,6,84,70,0,1,False,True,False,False,False,True,False,False,False,False
8,4.8,7,19,65,1,1,False,False,False,False,True,False,False,False,True,False
10,27.41,1,11,63,1,1,False,True,False,False,False,False,False,False,False,False
10,17.36,4,25,65,1,1,False,False,True,False,False,False,False,False,False,False
12,25.43,5,54,40,1,1,False,False,True,False,False,False,True,False,False,False
10,24.48,4,70,34,1,1,True,False,False,False,False,True,False,False,False,False
18,25.5,1,97,42,1,1,True,False,False,False,False,False,False,False,False,False
3,2.06,0,83,31,0,0,False,False,True,False,False,False,False,False,False,True
1,14.78,7,30,50,0,1,True,False,False,False,False,False,False,True,False,False
13,24.89,3,80,95,1,1,False,True,False,False,False,False,True,False,False,False
2,10.33,1,96,75,1,1,False,False,False,False,False,False,False,False,True,False
11,1.55,4,92,47,0,0,False,True,False,False,False,True,False,False,False,False
18,19.37,9,65,40,1,1,False,False,False,False,False,False,True,False,False,False
18,29.35,3,81,74,1,1,False,False,True,False,False,True,False,False,False,False
18,14.48,9,74,90,0,1,False,True,False,False,False,False,False,False,False,False
14,5.36,6,72,67,1,1,False,False,False,False,False,False,True,False,False,False
8,29.82,3,69,58,0,0,False,True,False,False,False,False,False,False,False,True
16,6.64,7,65,71,0,1,True,False,False,False,False,False,False,True,False,False
11,8.75,1,37,73,1,1,False,False,False,False,True,False,True,False,False,False
18,7.95,9,20,80,0,0,False,False,False,False,False,False,False,False,True,False
8,27.25,1,24,90,1,1,False,True,False,False,False,False,False,False,True,False
2,16.8,8,36,71,0,1,False,True,False,False,False,False,True,False,False,False
13,29.95,0,35,88,1,1,False,False,True,False,False,False,False,False,False,True
14,6.6,2,51,77,0,0,False,False,False,True,False,False,False,False,False,False
3,20.96,0,49,88,1,1,False,True,False,False,False,False,False,False,True,False
10,9.33,8,12,91,0,0,False,False,False,False,True,False,False,False,False,True
17,3.81,4,87,52,1,1,False,False,False,False,False,False,False,False,True,False
5,17.38,8,89,73,1,1,False,False,True,False,False,True,False,False,False,False
18,21.01,4,35,37,0,0,True,False,False,False,False,True,False,False,False,False
1,3.41,6,95,32,0,0,False,False,True,False,False,True,False,False,False,False
1,27.92,5,32,96,0,0,False,False,False,True,False,False,False,False,False,False
5,4.62,8,40,78,0,0,False,False,False,False,False,True,False,False,False,False
16,15.08,0,40,49,1,1,False,False,True,False,False,False,False,False,False,False
17,15.16,6,66,97,0,1,False,False,False,False,False,False,True,False,False,False
6,2.03,9,82,63,1,1,False,False,False,True,False,False,False,False,True,False
18,23.63,3,15,40,1,1,False,False,False,False,True,False,False,False,False,True
11,7.92,4,92,94,0,1,False,False,True,False,False,False,False,True,False,False
2,8.57,0,25,85,1,1,True,False,False,False,False,True,False,False,False,False
3,16.09,7,54,79,0,1,False,False,True,False,False,False,False,False,False,True
19,15.63,6,46,48,1,1,False,False,False,True,False,False,False,False,False,False
13,3.89,3,44,60,0,0,False,True,False,False,False,False,False,False,False,False
6,3.3,9,87,96,1,1,False,False,True,False,False,True,False,False,False,False
15,4.04,5,19,96,1,1,False,True,False,False,False,False,False,False,False,False
17,6.75,0,16,34,0,0,False,False,True,False,False,False,True,False,False,False
6,7.04,3,88,64,0,0,False,True,False,False,False,False,False,True,False,False
15,26.45,0,74,74,1,1,False,False,True,False,False,False,False,False,False,False
15,6.66,2,47,31,1,1,False,False,True,False,False,False,True,False,False,False
1,18.95,7,24,56,1,1,True,False,False,False,False,True,False,False,False,False
10,8.01,6,24,44,1,1,False,False,False,False,False,True,False,False,False,False
12,23.15,8,52,63,0,1,False,True,False,False,False,False,False,False,True,False
4,25.64,3,43,80,1,1,False,False,False,True,False,False,False,False,True,False
17,17.97,4,41,77,0,0,True,False,False,False,False,True,False,False,False,False
16,12.97,8,12,46,0,1,False,True,False,False,False,True,False,False,False,False
10,2.6,2,72,61,0,0,False,False,True,False,False,False,False,False,False,True
6,12.75,9,26,56,0,1,True,False,False,False,False,False,False,False,False,False
1,29.01,1,33,34,0,0,False,False,True,False,False,False,False,False,False,False
8,22.43,8,50,30,0,1,False,False,False,False,True,False,False,True,False,False
8,20.69,1,39,45,0,0,False,False,False,True,False,False,False,False,False,True
10,24.78,8,18,31,0,1,False,False,False,False,False,False,False,False,True,False
3,15.51,5,71,93,0,1,True,False,False,False,False,False,False,False,False,False
6,18.69,9,19,43,1,1,True,False,False,False,False,False,False,False,False,False
12,10.29,8,19,36,0,1,False,False,False,False,True,False,False,False,False,True
16,13.1,7,79,54,0,1,True,False,False,False,False,False,False,False,False,True
7,16.99,0,27,74,1,1,False,False,False,False,False,False,False,False,False,True
3,23.27,8,80,62,1,1,False,False,False,False,False,False,False,False,True,False
4,4.62,0,59,40,1,1,False,False,False,False,False,False,False,False,False,False
10,2.32,8,24,55,0,0,False,False,False,True,False,False,True,False,False,False
3,10.3,6,43,72,1,1,False,False,True,False,False,False,False,False,False,True
3,1.19,3,46,39,0,0,False,False,True,False,False,False,False,False,False,False
5,5.77,6,28,61,1,1,True,False,False,False,False,False,False,True,False,False
10,7.2,1,28,64,0,0,False,False,False,False,True,True,False,False,False,False
17,8.37,3,97,73,0,1,False,False,False,True,False,False,False,False,False,True
15,8.44,8,82,85,1,1,False,False,True,False,False,True,False,False,False,False
15,25.04,0,69,35,1,1,False,True,False,False,False,False,False,False,False,False
9,12.35,5,97,43,1,1,False,False,True,False,False,False,False,False,True,False
7,9.26,4,81,44,0,0,False,False,True,False,False,False,False,False,False,True
17,17.2,4,92,64,0,0,False,False,False,False,True,True,False,False,False,False
19,17.66,8,75,36,0,1,False,False,False,False,True,False,True,False,False,False
14,12.73,5,67,86,1,1,False,False,False,True,False,False,False,False,True,False
19,5.14,0,33,83,0,0,True,False,False,False,False,False,False,False,False,True
2,29.03,6,57,35,1,1,False,False,False,False,True,False,False,False,True,False
4,23.3,5,45,52,1,1,False,False,False,False,True,False,False,False,True,False
11,4.51,2,18,89,0,0,False,False,False,False,False,False,True,False,False,False
16,20.28,1,71,75,1,1,False,True,False,False,False,False,True,False,False,False
4,29.5,0,44,53,0,0,False,False,False,False,True,True,False,False,False,False
12,22.08,2,52,39,1,1,True,False,False,False,False,False,False,False,False,False
13,10.27,7,42,78,1,1,True,False,False,False,False,False,False,False,True,False
18,24.1,6,83,32,0,1,True,False,False,False,False,True,False,False,False,False
13,3.92,6,83,71,0,1,False,False,False,True,False,True,False,False,False,False
3,23.9,0,43,58,0,0,False,False,False,False,False,True,False,False,False,False
14,17.58,3,68,61,0,0,False,False,False,False,False,False,False,False,True,False
4,25.48,0,98,81,0,1,False,False,False,False,True,False,False,False,True,False
19,20.07,5,59,75,1,1,False,False,False,True,False,False,False,False,True,False
16,11.83,4,80,31,0,0,False,False,False,False,True,False,True,False,False,False
11,22.19,3,13,31,0,0,False,False,False,False,True,True,False,False,False,False
4,22.14,2,96,54,0,0,False,False,False,False,True,False,False,True,False,False
12,10.66,9,10,61,1,1,False,False,False,False,False,False,False,False,True,False
8,1.34,2,34,75,1,1,False,False,False,True,False,False,True,False,False,False
7,20.89,7,38,43,0,1,False,False,False,False,False,False,False,True,False,False
4,27.21,5,51,66,1,1,True,False,False,False,False,False,False,False,False,True
4,20.7,5,38,43,1,1,False,False,False,True,False,True,False,False,False,False
10,12.14,8,26,91,0,1,False,False,False,False,True,False,False,False,False,True
7,6.52,9,94,30,0,0,False,True,False,False,False,False,False,False,False,False
15,23.23,7,41,62,0,1,True,False,False,False,False,False,False,True,False,False
10,24.12,8,86,74,0,1,False,True,False,False,False,False,False,False,True,False
13,12.93,9,63,82,0,1,False,False,False,False,False,False,False,False,False,True
12,23.87,2,14,79,1,1,False,False,False,False,False,False,True,False,False,False
4,11.62,7,35,42,1,1,False,False,False,False,False,False,False,False,True,False
2,15.68,8,30,35,0,1,False,False,False,False,True,True,False,False,False,False
13,24.09,1,92,83,1,1,False,True,False,False,False,False,False,True,False,False
4,27.74,6,91,37,1,1,False,False,False,False,True,False,False,True,False,False
11,6.41,8,79,80,0,1,False,True,False,False,False,True,False,False,False,False
15,14.7,4,98,34,1,1,True,False,False,False,False,False,False,True,False,False
14,8.29,2,62,99,0,1,True,False,False,False,False,False,True,False,False,False
8,0.77,0,57,95,0,0,False,False,False,True,False,False,True,False,False,False
10,20.2,3,28,49,1,1,False,False,False,True,False,False,False,False,True,False
19,7.01,7,39,55,0,0,False,False,True,False,False,False,False,False,False,True
2,14.88,2,89,74,1,1,True,False,False,False,False,False,False,False,False,True
5,20.01,9,49,81,1,1,False,False,False,False,False,False,False,True,False,False
10,1.23,0,33,97,1,1,False,False,True,False,False,True,False,False,False,False
5,21.26,0,18,52,1,1,True,False,False,False,False,False,True,False,False,False
2,7.74,7,70,92,1,1,False,False,True,False,False,False,False,False,False,True
2,27.22,5,71,53,0,0,True,False,False,False,False,True,False,False,False,False
19,24.1,1,61,71,0,1,False,False,False,True,False,False,False,True,False,False
6,5.1,2,70,97,1,1,False,False,True,False,False,False,True,False,False,False
19,3.33,3,11,54,1,1,False,True,False,False,False,False,False,False,True,False
2,4.36,2,55,85,1,1,False,False,False,True,False,False,False,False,True,False
4,3.44,5,64,33,1,1,False,False,False,False,False,False,False,False,False,False
6,4.53,3,87,32,1,1,False,False,True,False,False,False,True,False,False,False
13,18.14,9,13,47,1,1,False,False,True,False,False,False,True,False,False,False
5,4.94,1,96,56,1,1,False,False,True,False,False,False,True,False,False,False
2,20.4,6,13,74,0,1,False,True,False,False,False,False,False,True,False,False
17,29.12,9,71,43,0,1,True,False,False,False,False,False,False,False,True,False
19,6.0,6,15,53,1,1,True,False,False,False,False,True,False,False,False,False
1,23.95,3,75,73,1,1,False,True,False,False,False,False,False,False,True,False
16,11.7,7,11,38,1,1,False,False,False,False,False,False,True,False,False,False
7,5.09,9,94,41,0,0,False,False,False,True,False,False,False,False,True,False
10,14.9,5,61,67,0,0,False,False,False,False,False,False,False,False,False,False
13,6.81,4,87,62,0,0,False,False,True,False,False,False,False,False,False,False
13,13.37,9,63,32,1,1,True,False,False,False,False,False,False,True,False,False
9,27.82,0,87,64,0,0,False,False,False,True,False,False,False,False,False,False
8,10.08,1,37,40,1,1,False,False,False,False,False,False,False,False,False,True
4,5.59,2,10,80,1,1,False,False,False,False,False,False,False,False,True,False
7,23.33,2,20,36,1,1,False,True,False,False,False,True,False,False,False,False
14,14.9,9,36,98,0,1,False,True,False,False,False,False,False,False,False,True
12,1.59,2,95,32,0,0,True,False,False,False,False,False,False,False,False,True
4,28.68,1,32,46,1,1,False,False,False,True,False,False,True,False,False,False
17,10.66,4,97,80,0,1,False,False,False,False,False,False,True,False,False,False
18,28.9,8,98,88,1,1,False,False,False,True,False,False,False,False,True,False
10,5.28,2,15,34,0,0,True,False,False,False,False,False,False,False,True,False
1,0.86,1,54,81,0,0,False,False,False,False,False,False,False,False,False,True
13,2.06,7,71,59,1,1,False,True,False,False,False,False,False,False,True,False
2,17.44,1,82,96,0,1,False,False,True,False,False,False,False,True,False,False
16,12.61,9,56,77,0,1,False,False,False,True,False,True,False,False,False,False
12,3.15,4,53,60,1,1,False,True,False,False,False,False,False,False,True,False
13,4.08,1,98,33,1,1,True,False,False,False,False,False,True,False,False,False
1,2.38,6,10,33,1,1,True,False,False,False,False,False,False,False,True,False
4,4.78,6,61,39,1,1,False,False,False,True,False,False,False,False,False,False
1,26.84,7,75,97,0,1,False,True,False,False,False,False,False,False,True,False
10,26.77,8,48,36,1,1,False,False,False,False,False,False,False,False,False,False
6,18.44,4,41,81,1,1,False,True,False,False,False,False,False,True,False,False
4,7.23,9,33,41,0,0,False,True,False,False,False,False,False,False,True,False
14,20.26,3,58,38,1,1,False,False,False,True,False,False,False,True,False,False
8,16.71,7,43,98,1,1,False,True,False,False,False,False,False,False,True,False
4,27.24,5,79,32,0,0,True,False,False,False,False,True,False,False,False,False
9,28.89,9,88,66,0,1,True,False,False,False,False,False,False,False,True,False
18,3.09,7,72,65,1,1,False,False,False,False,False,False,False,False,True,False
14,27.15,6,36,86,1,1,True,False,False,False,False,False,False,False,True,False
13,3.64,8,93,60,1,1,False,True,False,False,False,False,False,False,True,False
19,8.62,9,38,78,0,0,True,False,False,False,False,False,False,False,True,False
1,28.87,1,92,67,0,0,False,False,False,False,True,False,False,False,False,False
9,0.98,2,60,46,0,0,False,False,False,False,False,False,False,False,False,False
4,25.44,7,11,81,1,1,False,True,False,False,False,False,True,False,False,False
9,28.14,6,30,89,1,1,False,False,False,False,True,False,False,False,True,False
9,3.98,2,81,61,0,0,False,False,False,True,False,False,False,True,False,False
6,5.31,7,58,34,0,0,False,False,False,False,False,False,True,False,False,False
7,0.98,9,95,71,0,1,False,False,False,False,True,False,False,False,False,False
6,25.52,7,60,68,0,1,False,False,False,False,False,False,False,False,False,True
7,24.99,2,96,45,1,1,True,False,False,False,False,False,False,False,False,True
15,22.64,6,88,67,0,1,False,False,False,True,False,True,False,False,False,False
4,25.19,3,23,76,1,1,False,True,False,False,False,False,False,False,False,False
10,18.37,8,71,79,1,1,False,True,False,False,False,False,True,False,False,False
6,28.4,6,81,39,1,1,False,True,False,False,False,True,False,False,False,False
3,8.86,0,51,48,1,1,False,False,False,False,False,False,False,True,False,False
5,18.73,4,96,70,1,1,False,False,True,False,False,False,False,False,False,False
3,12.53,2,43,86,0,0,False,False,False,True,False,False,False,True,False,False
2,8.42,5,88,43,1,1,False,False,False,False,True,False,False,False,False,True
17,23.48,5,31,33,1,1,False,False,False,True,False,False,False,False,False,False
1,14.34,9,65,30,1,1,False,True,False,False,False,False,False,False,False,False
16,24.95,4,50,31,1,1,False,False,False,True,False,False,False,False,False,False
8,4.6,2,16,92,0,0,False,False,True,False,False,False,False,False,False,False
9,4.73,0,59,31,1,1,False,False,True,False,False,False,False,False,False,True
15,19.78,0,85,82,0,1,False,False,True,False,False,False,False,False,False,True
6,1.78,9,24,61,0,0,False,False,True,False,False,True,False,False,False,False
10,26.11,2,40,93,1,1,False,False,False,True,False,True,False,False,False,False
16,1.33,7,11,38,0,0,False,True,False,False,False,True,False,False,False,False
4,9.78,6,79,49,1,1,False,False,False,True,False,False,True,False,False,False
18,6.45,3,41,89,0,0,False,True,False,False,False,False,False,False,False,True
15,16.9,2,21,63,1,1,False,False,False,False,True,False,False,False,False,True
17,18.67,7,68,30,1,1,False,False,True,False,False,False,False,False,True,False
13,6.46,4,31,91,0,0,True,False,False,False,False,False,False,True,False,False
4,12.05,1,24,52,0,0,False,False,True,False,False,False,False,False,False,False
7,17.93,2,31,65,0,0,False,False,False,False,True,False,True,False,False,False
7,1.21,1,60,92,0,0,False,False,False,True,False,True,False,False,False,False
8,17.5,0,62,37,1,1,False,False,True,False,False,False,False,False,True,False
3,29.52,3,80,73,0,1,False,False,False,True,False,True,False,False,False,False
2,5.89,1,12,72,0,0,False,True,False,False,False,False,False,False,True,False
19,2.3,0,51,42,1,1,False,False,False,False,False,True,False,False,False,False
1,13.36,9,87,46,1,1,False,False,False,False,True,False,False,False,False,True
4,15.69,0,54,69,0,0,True,False,False,False,False,False,False,True,False,False
2,22.45,7,61,80,0,1,True,False,False,False,False,False,False,False,True,False
8,4.13,6,61,43,1,1,False,True,False,False,False,False,False,False,True,False
13,23.67,4,62,47,0,0,False,False,False,False,False,False,False,True,False,False
8,27.29,5,80,64,0,0,False,False,False,False,True,False,False,False,True,False
10,20.0,9,13,31,0,1,False,True,False,False,False,False,False,False,False,True
11,28.49,1,65,35,1,1,False,True,False,False,False,True,False,False,False,False
15,10.07,8,44,82,0,1,False,False,False,True,False,False,False,False,True,False
9,25.94,6,25,32,0,1,False,False,False,False,True,False,False,False,True,False
12,15.52,8,48,36,0,1,False,False,False,True,False,True,False,False,False,False
4,2.31,0,65,94,0,1,False,False,False,True,False,False,False,False,True,False
1,21.15,4,33,42,1,1,True,False,False,False,False,True,False,False,False,False
18,13.71,7,56,58,1,1,False,False,False,False,False,True,False,False,False,False
2,7.85,8,78,47,0,0,False,False,False,False,True,False,True,False,False,False
17,12.87,8,25,84,0,1,False,True,False,False,False,False,False,True,False,False
16,28.26,9,37,87,1,1,False,False,True,False,False,False,False,False,False,False
7,18.26,8,47,58,0,1,True,False,False,False,False,False,False,True,False,False
16,26.59,1,60,68,1,1,False,False,False,True,False,False,False,False,False,True
6,3.89,6,41,60,1,1,False,False,False,True,False,True,False,False,False,False
16,15.09,0,95,83,0,1,False,False,False,False,True,True,False,False,False,False
7,9.79,1,91,78,1,1,False,True,False,False,False,False,True,False,False,False
13,9.72,0,48,64,1,1,False,False,False,False,True,False,True,False,False,False
6,0.56,8,20,40,0,0,True,False,False,False,False,False,True,False,False,False
1,16.11,8,63,95,1,1,False,False,False,False,False,False,False,True,False,False
10,24.97,0,17,88,1,1,True,False,False,False,False,False,True,False,False,False
7,24.74,9,46,76,1,1,False,False,True,False,False,False,False,True,False,False
11,8.75,1,51,56,0,0,False,False,False,True,False,False,False,True,False,False
5,15.13,5,84,62,1,1,False,False,False,False,False,False,False,False,False,False
12,20.24,0,38,57,0,0,False,True,False,False,False,True,False,False,False,False
9,27.38,8,23,91,0,1,False,False,False,False,True,False,False,False,False,True
19,29.12,7,46,73,1,1,False,False,False,False,False,False,False,False,True,False
12,9.39,6,72,59,0,0,False,False,True,False,False,False,True,False,False,False
3,10.28,1,87,64,1,1,False,False,False,False,False,False,False,True,False,False
4,5.35,9,60,98,0,0,False,False,False,False,True,False,False,False,True,False
14,16.29,4,66,75,0,1,False,False,False,False,True,False,False,False,False,False
19,6.86,3,75,49,1,1,False,False,False,False,True,False,False,False,False,True
11,6.12,3,83,44,0,0,False,False,False,False,True,False,False,False,False,True
7,29.57,0,32,63,1,1,False,False,False,False,True,False,False,False,False,False
9,2.5,7,44,34,1,1,False,False,False,False,True,True,False,False,False,False
1,27.52,9,23,92,0,1,False,False,False,False,False,True,False,False,False,False
16,11.6,6,88,39,0,1,False,False,False,True,False,True,False,False,False,False
15,11.33,7,71,48,1,1,False,False,True,False,False,False,True,False,False,False
7,4.33,7,97,66,1,1,False,False,False,True,False,False,False,True,False,False
13,22.62,7,67,73,0,1,False,False,False,True,False,False,False,False,True,False
9,17.32,0,78,55,1,1,False,False,True,False,False,False,False,False,False,True
16,7.2,1,49,68,1,1,False,False,False,False,True,True,False,False,False,False
4,7.53,9,89,94,0,1,False,False,False,True,False,True,False,False,False,False
7,11.33,2,83,77,1,1,True,False,False,False,False,False,False,False,False,True
7,2.99,9,37,59,0,0,False,False,False,True,False,False,True,False,False,False
4,3.5,4,29,67,0,0,True,False,False,False,False,True,False,False,False,False
13,13.11,6,45,36,0,1,True,False,False,False,False,False,False,True,False,False
14,7.28,9,40,37,1,1,False,False,False,False,True,True,False,False,False,False
3,11.75,5,99,40,0,0,False,False,False,False,False,False,False,True,False,False
16,27.19,0,18,55,1,1,False,False,False,False,True,False,False,True,False,False
5,2.08,2,98,41,1,1,True,False,False,False,False,False,False,False,True,False
11,17.74,7,83,77,1,1,False,False,True,False,False,False,False,True,False,False
14,23.67,3,95,61,0,0,False,True,False,False,False,False,False,False,True,False
17,16.39,4,49,74,0,0,False,False,False,False,False,False,False,False,False,True
13,13.8,9,91,66,1,1,False,True,False,False,False,False,False,False,False,False
18,15.98,0,50,91,1,1,False,False,True,False,False,True,False,False,False,False
2,1.31,9,39,30,1,1,False,False,False,True,False,False,True,False,False,False
19,6.17,6,72,38,1,1,False,True,False,False,False,False,True,False,False,False
15,23.81,8,65,62,0,1,False,True,False,False,False,False,False,False,True,False
16,21.09,8,27,99,1,1,True,False,False,False,False,False,True,False,False,False
11,6.21,8,75,49,1,1,False,False,False,True,False,False,False,True,False,False
14,5.57,3,68,75,0,1,False,False,False,False,True,False,False,False,False,False
8,18.41,8,90,65,0,1,False,False,False,False,False,False,True,False,False,False
3,15.41,2,16,43,0,0,False,False,True,False,False,False,False,False,False,False
10,21.71,2,26,72,1,1,False,False,False,False,False,False,True,False,False,False
14,23.78,0,84,46,0,0,False,False,False,False,False,False,True,False,False,False
3,27.29,7,83,45,1,1,False,False,False,False,False,True,False,False,False,False
13,6.46,3,65,79,1,1,True,False,False,False,False,False,False,False,False,False
13,2.09,4,87,63,0,0,False,False,True,False,False,False,False,False,False,True
10,16.61,0,73,57,1,1,True,False,False,False,False,False,False,False,False,False
9,17.59,5,23,87,0,0,True,False,False,False,False,False,False,False,False,True
12,5.13,5,23,81,0,0,True,False,False,False,False,False,False,False,False,True
11,9.44,2,34,67,1,1,False,False,True,False,False,False,True,False,False,False
12,28.94,1,24,94,1,1,False,False,False,False,False,False,True,False,False,False
13,12.4,8,41,44,1,1,False,True,False,False,False,False,False,False,False,False
10,10.88,1,92,71,1,1,False,False,False,True,False,False,False,False,False,True
6,1.74,8,56,33,0,0,False,False,False,False,True,False,False,False,False,False
12,8.12,2,99,85,1,1,False,False,False,False,False,True,False,False,False,False
16,12.67,6,73,96,0,1,True,False,False,False,False,False,False,False,False,True
14,10.13,0,16,95,1,1,False,False,False,True,False,False,False,True,False,False
5,26.55,5,13,94,1,1,False,False,False,True,False,False,False,False,True,False
7,26.7,9,68,79,0,1,False,True,False,False,False,False,False,False,False,False
12,18.39,2,30,86,0,0,True,False,False,False,False,False,False,False,False,False
14,10.52,1,41,53,0,0,True,False,False,False,False,False,False,True,False,False
12,14.72,3,71,94,1,1,False,False,False,True,False,True,False,False,False,False
14,22.94,2,62,35,1,1,False,False,False,False,False,True,False,False,False,False
6,6.53,0,82,97,1,1,False,False,False,True,False,False,False,False,False,False
12,8.14,1,62,80,1,1,False,False,False,True,False,False,True,False,False,False
3,16.26,7,49,88,0,1,False,False,False,False,False,False,True,False,False,False
9,21.15,9,39,86,1,1,False,False,False,True,False,False,False,False,False,True
17,12.22,6,85,81,1,1,False,False,False,True,False,False,False,False,False,False
2,8.64,3,17,97,0,0,False,False,True,False,False,False,False,False,True,False
15,7.82,8,47,64,0,0,False,False,False,False,True,False,True,False,False,False
11,7.73,8,75,97,1,1,False,False,False,False,True,True,False,False,False,False
10,6.13,4,11,78,1,1,False,True,False,False,False,False,False,True,False,False
10,27.86,0,45,61,0,0,False,False,False,True,False,True,False,False,False,False
8,23.71,4,46,42,1,1,False,False,True,False,False,False,False,True,False,False
6,17.84,7,70,51,1,1,False,False,False,True,False,False,False,False,False,True
7,17.96,4,98,60,0,0,False,False,False,True,False,False,False,False,False,False
8,10.41,0,86,81,0,1,False,False,False,False,True,False,False,False,False,True
6,1.72,4,35,50,0,0,False,False,True,False,False,False,False,False,False,False
9,19.33,8,49,61,0,1,False,False,False,False,False,True,False,False,False,False
4,8.49,9,31,62,1,1,False,False,False,False,True,True,False,False,False,False
4,25.04,2,40,74,0,0,False,False,False,False,True,False,False,True,False,False
1,21.61,8,92,37,1,1,False,False,True,False,False,False,False,True,False,False
18,16.66,2,26,64,0,0,False,False,False,False,False,False,False,False,False,False
7,14.75,3,59,62,1,1,False,False,False,False,False,True,False,False,False,False
5,3.09,3,51,54,0,0,False,False,False,True,False,False,False,False,False,True
14,18.31,2,70,50,0,0,False,False,False,False,False,False,False,True,False,False
16,8.08,0,33,78,1,1,False,False,False,False,False,False,False,False,False,False
8,6.24,2,32,86,0,0,False,False,False,False,True,False,False,False,False,False
19,7.63,9,98,83,0,1,False,False,False,False,False,False,False,False,False,True
12,2.85,3,30,98,1,1,False,False,False,False,True,True,False,False,False,False
8,15.0,9,52,61,1,1,False,False,False,False,False,False,False,False,False,False
5,13.41,0,87,79,1,1,False,False,False,True,False,False,False,False,False,False
2,27.32,5,15,62,1,1,False,True,False,False,False,False,True,False,False,False
4,5.02,4,45,97,0,0,False,False,False,False,True,False,False,False,False,True
13,8.33,3,19,69,0,0,False,False,True,False,False,True,False,False,False,False
14,21.1,0,60,99,1,1,False,False,False,False,False,True,False,False,False,False
4,3.62,1,41,90,1,1,False,False,False,True,False,False,True,False,False,False
3,22.55,0,74,49,0,0,False,False,False,True,False,False,False,False,False,False
19,13.53,0,66,32,1,1,False,False,False,False,True,False,False,False,False,True
10,15.73,5,77,79,0,1,False,True,False,False,False,True,False,False,False,False
1,20.84,4,55,32,0,0,True,False,False,False,False,False,False,False,False,False
1,16.05,4,80,63,0,0,False,False,False,False,True,False,False,False,False,False
9,11.27,6,29,53,1,1,False,False,False,False,True,False,False,False,True,False
1,23.86,1,93,77,0,1,False,False,False,False,False,False,True,False,False,False
9,1.03,3,30,92,0,0,False,False,False,False,False,False,True,False,False,False
8,15.82,0,79,59,1,1,False,True,False,False,False,False,False,False,True,False
11,11.67,3,60,38,1,1,False,False,False,False,True,True,False,False,False,False
18,26.31,3,64,55,0,0,False,False,False,False,True,False,True,False,False,False
1,1.68,8,94,80,0,1,True,False,False,False,False,False,True,False,False,False
18,7.83,1,12,58,0,0,False,False,False,True,False,False,False,False,False,True
7,7.2,4,61,31,0,0,False,False,False,False,True,False,False,False,True,False
2,19.6,6,12,74,0,1,True,False,False,False,False,False,False,False,True,False
5,23.84,4,95,70,1,1,False,False,True,False,False,False,False,False,False,False
3,8.01,2,10,31,1,1,False,False,False,False,True,False,False,True,False,False
15,29.85,0,38,40,0,0,True,False,False,False,False,False,False,True,False,False
7,5.25,8,89,68,0,0,False,False,False,False,False,False,False,False,False,True
1,13.25,7,45,69,0,1,True,False,False,False,False,False,False,False,True,False
9,9.09,3,16,40,1,1,False,False,False,False,True,False,False,False,False,False
13,9.59,1,13,67,0,0,True,False,False,False,False,False,False,True,False,False
17,12.27,8,25,57,0,1,False,False,False,True,False,False,False,False,False,False
2,12.29,9,82,71,0,1,False,False,True,False,False,False,True,False,False,False
14,9.71,2,25,87,0,0,False,False,False,False,False,True,False,False,False,False
3,16.95,7,60,80,1,1,False,False,False,False,True,False,True,False,False,False
5,8.33,4,34,47,0,0,True,False,False,False,False,True,False,False,False,False
8,21.9,1,38,74,0,0,False,True,False,False,False,False,False,False,True,False
1,12.2,6,95,46,0,1,False,True,False,False,False,False,False,True,False,False
17,5.06,0,94,42,0,0,False,False,False,False,True,True,False,False,False,False
5,6.71,6,60,72,1,1,False,True,False,False,False,False,False,True,False,False
12,29.5,2,67,42,0,0,False,False,False,False,True,False,False,False,True,False
13,28.85,1,36,77,0,0,False,True,False,False,False,False,False,False,False,False
3,20.42,3,80,45,0,0,False,True,False,False,False,True,False,False,False,False
15,29.17,8,21,57,1,1,True,False,False,False,False,True,False,False,False,False
17,14.7,6,17,86,0,1,False,False,True,False,False,False,True,False,False,False
2,4.1,5,44,50,1,1,False,False,False,True,False,False,False,False,False,False
16,20.5,4,17,52,0,0,False,False,False,False,True,False,True,False,False,False
15,28.92,0,67,81,1,1,False,False,True,False,False,False,False,False,True,False
12,5.81,0,50,89,1,1,False,False,False,False,True,False,True,False,False,False
8,7.43,7,92,99,1,1,False,False,False,True,False,True,False,False,False,False
15,11.72,0,94,75,0,1,False,True,False,False,False,False,False,True,False,False
12,4.29,7,46,86,0,0,False,False,False,False,False,False,False,False,False,False
17,17.58,3,58,97,1,1,False,False,True,False,False,False,False,True,False,False
19,14.05,2,14,68,0,0,True,False,False,False,False,False,False,False,False,False
10,17.87,6,57,46,1,1,False,False,False,False,False,False,False,False,True,False
12,9.94,7,61,40,0,0,False,False,True,False,False,False,False,False,False,True
2,16.26,7,61,89,0,1,True,False,False,False,False,False,False,True,False,False
11,4.55,7,16,58,0,0,False,True,False,False,False,False,False,True,False,False
4,6.16,9,61,86,0,1,True,False,False,False,False,False,False,True,False,False
2,28.53,8,31,88,0,1,False,False,False,True,False,False,True,False,False,False
1,28.03,5,61,67,1,1,False,True,False,False,False,False,False,False,False,False
15,28.7,2,27,55,0,0,False,False,False,False,False,False,False,False,False,False
13,10.59,6,63,77,0,1,False,False,False,False,False,False,False,False,False,True
12,15.39,7,22,53,0,1,False,False,False,False,False,False,True,False,False,False
6,7.96,9,89,91,1,1,False,False,True,False,False,False,False,True,False,False
3,12.05,4,96,68,1,1,False,False,False,False,False,True,False,False,False,False
1,4.87,8,37,45,0,0,False,False,False,False,True,True,False,False,False,False
19,23.76,3,32,98,0,0,False,False,True,False,False,False,False,True,False,False
11,5.62,8,89,50,0,0,False,False,True,False,False,False,True,False,False,False
14,22.76,9,71,86,1,1,False,True,False,False,False,True,False,False,False,False
9,17.34,8,89,59,0,1,False,True,False,False,False,True,False,False,False,False
3,22.14,1,24,36,0,0,False,False,False,False,False,False,False,True,False,False
16,8.77,7,13,48,0,0,True,False,False,False,False,False,False,False,False,False
4,28.49,6,31,69,1,1,False,False,False,False,True,True,False,False,False,False
10,26.78,4,82,31,1,1,False,True,False,False,False,False,True,False,False,False
13,29.23,8,71,74,1,1,False,False,False,False,False,False,False,False,False,False
9,21.47,6,54,85,1,1,False,False,False,False,False,False,False,False,True,False
2,7.36,7,98,67,1,1,True,False,False,False,False,False,False,False,False,False
15,15.72,5,36,43,0,0,True,False,False,False,False,False,False,False,False,False
4,3.59,2,65,80,0,1,False,False,False,True,False,False,False,False,False,True
8,13.73,6,40,67,0,1,False,False,False,True,False,False,True,False,False,False
16,16.85,1,52,87,0,0,True,False,False,False,False,False,False,False,False,True
19,28.18,1,84,40,0,0,False,False,False,False,False,False,False,False,False,True
15,12.37,7,13,73,0,1,False,False,False,True,False,False,False,True,False,False
17,17.62,5,88,57,0,0,False,False,False,False,True,False,False,False,False,False
18,4.26,2,11,30,0,0,True,False,False,False,False,True,False,False,False,False
19,6.68,7,17,61,0,0,False,True,False,False,False,True,False,False,False,False
9,23.49,6,75,91,0,1,False,False,False,True,False,False,False,True,False,False
16,25.66,8,17,46,0,1,False,True,False,False,False,False,False,False,False,False
4,25.43,4,92,82,0,1,False,False,False,False,False,False,True,False,False,False
1,24.43,1,55,62,0,0,False,False,False,False,True,False,False,False,True,False
1,3.55,3,41,35,1,1,False,False,False,False,False,True,False,False,False,False
4,3.53,8,30,84,1,1,False,False,False,False,False,False,False,False,True,False
4,28.84,4,85,69,1,1,False,False,False,False,True,False,False,False,False,True
11,16.91,9,16,87,1,1,True,False,False,False,False,True,False,False,False,False
14,18.2,8,39,76,0,1,False,False,False,False,False,False,False,True,False,False
16,7.3,8,99,40,0,0,False,True,False,False,False,False,False,False,False,False
7,5.5,6,67,32,0,0,False,False,False,False,True,False,False,False,False,True
6,23.57,0,14,42,0,0,True,False,False,False,False,False,False,False,False,False
19,22.56,1,16,45,1,1,True,False,False,False,False,False,False,False,True,False
12,24.8,3,44,57,1,1,True,False,False,False,False,False,True,False,False,False
9,24.41,7,53,94,0,1,False,False,False,False,False,False,False,False,True,False
14,24.6,6,22,41,0,1,False,False,False,False,False,False,False,False,False,True
6,21.85,4,83,33,0,0,False,False,True,False,False,False,False,True,False,False
5,25.87,8,25,70,1,1,True,False,False,False,False,False,True,False,False,False
8,20.88,8,74,53,1,1,False,True,False,False,False,False,False,False,True,False
19,1.04,2,70,40,1,1,False,False,True,False,False,False,False,False,False,False
19,5.84,5,46,31,1,1,False,True,False,False,False,False,True,False,False,False
14,4.05,0,76,63,1,1,False,True,False,False,False,False,False,False,False,False
4,10.81,2,33,92,1,1,False,True,False,False,False,False,False,False,False,False
13,17.68,6,19,83,1,1,False,False,False,True,False,False,False,False,True,False
10,13.16,3,94,91,1,1,False,True,False,False,False,False,False,False,True,False
1,6.09,9,45,99,1,1,True,False,False,False,False,False,False,False,True,False
19,1.75,2,91,47,0,0,False,False,True,False,False,False,False,False,False,True
8,26.32,1,56,71,1,1,False,False,False,True,False,False,False,False,False,True
1,12.11,3,58,66,1,1,False,False,False,False,False,False,False,False,False,True
12,3.22,2,86,61,1,1,False,False,True,False,False,True,False,False,False,False
5,8.99,3,94,82,0,1,False,True,False,False,False,False,False,True,False,False
8,9.16,7,40,43,1,1,False,False,False,False,True,False,True,False,False,False
1,2.19,4,49,95,1,1,True,False,False,False,False,False,False,False,True,False
5,22.34,3,56,66,0,0,False,False,False,False,True,False,False,False,False,False
19,29.95,7,71,77,1,1,True,False,False,False,False,False,False,False,False,True
11,16.85,7,56,32,1,1,False,True,False,False,False,False,False,True,False,False
18,2.35,8,31,62,1,1,True,False,False,False,False,False,True,False,False,False
2,16.19,6,49,99,1,1,False,False,False,False,False,False,False,False,False,True
19,17.27,2,70,38,1,1,False,False,False,False,False,False,False,True,False,False
19,18.41,5,61,45,1,1,False,False,False,False,True,False,False,True,False,False
13,2.52,0,40,32,0,0,False,False,True,False,False,False,False,True,False,False
2,9.39,8,29,52,0,0,False,False,True,False,False,False,False,True,False,False
15,13.26,1,40,40,0,0,False,True,False,False,False,False,False,False,False,False
1,17.51,2,93,93,0,1,False,False,False,True,False,True,False,False,False,False
6,4.13,3,64,64,0,0,False,True,False,False,False,False,False,False,False,True
16,7.44,6,11,61,1,1,True,False,False,False,False,False,True,False,False,False
3,11.84,6,47,43,0,1,False,True,False,False,False,False,False,False,False,False
6,22.64,1,53,95,0,0,True,False,False,False,False,True,False,False,False,False
